Nimi,group1,group2,group3,_Unit,Energiaa,Rasvaa,Hiilihydraattia,Proteiinia,Suola,Ravintokuitua,group4,Sokeria
maustettu rahka 200g irish cream,Maito:351,Ruoanvalmistustuotteet:371,Rahkat kylmästä:1777,g,652.0,7.0,16.0,7.2,0.08,0.0,,0.0
lempi 200g 28% lton crème fraiche,Maito:351,Ruoanvalmistustuotteet:371,Ranskankermat kylmästä:1781,g,1132.0,28.0,2.5,2.3,0.1,0.0,,0.0
valio hedtarha luomumustmehu 1l,Juomat:994,Mehut:1018,Juomavalmiit mehut ja juomat:1021,g,158.0,0.0,9.2,0.0,0.0,0.0,,0.0
maustettu rahka 200g appels lton,Maito:351,Ruoanvalmistustuotteet:371,Rahkat kylmästä:1777,g,650.0,7.0,16.0,7.2,0.1,,,0.0
alpro 400g mango pbay soijavalmiste,Maito:351,Jogurtit:390,Ei-maitopohjainen valmiste:2601,g,255.0,2.0,5.8,3.7,0.22,1.0,,0.0
kotimaista 325g edamjuusto,Juustot:417,Edam juusto:418,Edamjuustopalat:1824,g,1300.0,23.0,,26.0,1.0,,,0.0
pastella 250g fettucc pinaat tuorep,Valmisruoka:497,Aterian osat:12846,Tuorepasta:12868,g,1120.0,2.5,48.0,11.0,0.0,2.7,,0.0
miniluumutomaatti rasia,Hedelmät ja vihannekset:1,Vihannekset:40,Tomaatit:41,g,95.0,0.1614,3.45,0.56,2.5,1.4,,0.0
knorr 570ml tomaattikeitto mascarpo,Valmisruoka:497,Keitot:1797,Muut valmiit keitot:3086,g,240.0,2.9,6.5,1.3,0.7,0.5,,0.0
vaasan ruispalat 330g/6 tjruisleipä,Leipä:701,Tuore leipä:702,Tummat palaleivät:710,g,1075.0,1.6,46.0,9.3,1.1,10.0,,0.0
hk 900g karjalanpaisti,Liha:80,Naudanliha:178,Naudan pata- ja keittolihat:179,g,710.0,10.0,0.0,20.0,0.15,,,0.0
latz 12x100g sensations suos hyyt,Lemmikit:1337,Kissanruoat:1397,Kosteat kissan ruoat:1804,g,0.0,3.0,,13.0,,0.5,Kissan monipakkauspussit yli 8 kpl:1814,0.0
nescafé kulta 300g smart pack,Juomat:994,Kahvit ja suodatinpaperit:2609,Pikakahvit:2613,g,11.0,0.0,0.1,0.2,0.0,0.7,,0.0
karl fazer 190g mustikkajog sukllev,"Makeiset, jäätelöt ja naposteltavat:1144",Suklaat:1145,Maitosuklaalevyt:1154,g,2232.0,32.0,51.0,11.0,0.34,,,0.0
fazerin parhain 220g,"Makeiset, jäätelöt ja naposteltavat:1144",Karkkipussit:1155,Makeissekoitepussit - ja pakkaukset:1157,g,1680.0,4.7,88.0,1.6,0.09,,,0.0
pihlaja 220g  marmeladimakeinen,"Makeiset, jäätelöt ja naposteltavat:1144",Karkkipussit:1155,Hedelmämakeispussit ja -rasiat:1159,g,1372.0,0.5,80.0,0.5,0.25,,,0.0
mttu rahka 200g mansikka lton,Maito:351,Jogurtit:390,Herkuttelujogurtti:2599,g,500.0,4.7,12.0,5.5,0.1,,,0.0
del monte 220g ananasviipale mehuss,Kuivatuotteet:895,Säilykkeet:941,Hedelmä ja marjasäil:946,g,286.0,0.1,15.5,0.4,,,,0.0
kulta katriina 500g tumma sj kahvi,Juomat:994,Kahvit ja suodatinpaperit:2609,Suodatinjauhatuskahvit:2610,g,13.0,0.1,0.3,0.3,,,,0.0
yosa kauravälipala 400g metsämarja,Maito:351,Jogurtit:390,Ei-maitopohjainen valmiste:2601,g,230.0,0.6,12.5,1.2,0.03,1.1,,0.0
apetina snack 100g chili,Juustot:417,Ruokajuustot:447,Fetatyyppiset juustot:2857,g,1280.0,27.0,0.6,15.0,3.4,,,0.0
atria 300g coleslaw,Valmisruoka:497,Salaatit:498,Majoneesisalaatit:499,g,774.0,17.0,5.9,1.1,0.51,1.4,,0.0
peanuts f&s 38/42,Leivonta ja maustaminen:807,Kuivat hedelmät ja pähkinät:839,Mantelit ja pähkinät:2764,g,2530.0,49.0,14.0,25.0,1.3,,,3.5
tumma kalastajanlimppu 420g tjruisl,Leipä:701,Tuore leipä:702,Limput:715,g,1164.0,6.0,47.0,9.0,1.1,6.4,,
valio mttu rahka 200g vanilja lton,Maito:351,Ruoanvalmistustuotteet:371,Rahkat kylmästä:1777,g,687.0,8.8,14.0,7.3,0.1,,,
knorr 61g kana-nuudelikeitto,Valmisruoka:497,Keitot:1797,Kanakeitot:3087,g,1320.0,3.6,57.0,13.0,14.4,3.7,,
kotimaista creme fraiche18%150g vl.,Maito:351,Ruoanvalmistustuotteet:371,Ranskankermat kylmästä:1781,g,770.0,18.0,3.5,2.5,0.1,0.0,,
vaasan ruispalat tumma herkku 450g,Leipä:701,Tuore leipä:702,Tummat palaleivät:710,g,1033.0,1.3,44.0,9.6,1.1,9.7,,
karl fazer 200g kok hasselpä suklev,"Makeiset, jäätelöt ja naposteltavat:1144",Suklaat:1145,Maitosuklaalevyt:1154,g,2223.0,30.0,51.0,8.2,0.14,,,
knorr 570ml tomaattikeitto paprikal,Valmisruoka:497,Keitot:1797,Muut valmiit keitot:3086,g,250.0,3.3,5.6,1.2,0.6,1.2,,
valio maust rahka 200g kuningatar,Maito:351,Ruoanvalmistustuotteet:371,Rahkat kylmästä:1777,g,650.0,7.0,16.0,7.2,0.1,1.0,,
cured ham tortelloni (tortelloni pr,Valmisruoka:497,Aterian osat:12846,Tuorepasta:12868,g,1072.0,8.0,35.5,9.0,1.25,,,
banaani chiquita,Hedelmät ja vihannekset:1,Hedelmät:2,Banaanit:18,g,364.0,0.1127,18.3,1.06,0.0,1.8,,
apetina 100 g paprika snack,Juustot:417,Ruokajuustot:447,Fetatyyppiset juustot:2857,g,1274.0,27.0,0.7,15.0,3.4,,,
kurkku suomi,Hedelmät ja vihannekset:1,Vihannekset:40,Kurkut:42,g,46.0,0.0641,1.4,0.56,0.01,0.7,,
klementiini pussi,Hedelmät ja vihannekset:1,Hedelmät:2,Sitrushedelmät:3,g,190.0,0.2,9.0,0.8,,1.9,Mandariinit:8,
kaurajuntta 400g ullan pakari,Leipä:701,Tuore leipä:702,Sekaleivät:714,g,933.0,2.3,40.9,8.9,1.1,4.0,,
kotimaista vapaan kanan munat l6,Munat:1784,Vapaan kanan kananmunat:1785,,g,602.0,10.3,0.3,12.5,0.34,,,
tortelloni sundried tomato & scamor,Valmisruoka:497,Aterian osat:12846,Tuorepasta:12868,g,1258.0,11.0,39.0,10.0,1.1,,,5.2
atria 900g karjalanpaisti,Liha:80,Naudanliha:178,Naudan pata- ja keittolihat:179,g,364.0,4.4,3.1,8.0,0.75,1.1,,
jyväbroiler 390g filee r-app,Liha:80,"Broileri, kana & kalkkuna:186",Broilerin fileet:192,g,417.0,1.9,0.2,20.0,0.64,0.1,,
sne 150g kotim meetvurstisuikale,Liha:80,Muut lihat ja lihajalosteet:230,"Suikaleet, kuutiot ja rouheet:3023",g,905.0,10.0,1.6,29.0,5.0,,,
oatly 1l ikaffe kaurajuoma,Maito:351,"Soija-, kaura- ja muut maitojuomat:364",Ei maitopohjaiset juomat lämpimästä:1763,g,240.0,3.0,6.5,1.0,0.1,0.8,,
paprika mix,Pakasteet:1075,Vihannes- ja juurespakasteet:1087,Maustam. kasvissek:1088,g,357.0,0.7,12.0,4.9,,5.5,,
arla edam 500g 24% juusto,Juustot:417,Edam juusto:418,Edamjuustopalat:1824,g,1350.0,24.0,0.0,26.0,1.4,,,
makeasipuli,Hedelmät ja vihannekset:1,Vihannekset:40,Sipulit:44,g,127.0,0.0895,4.8,1.25,9.25,1.7,,
valkosipuli,Hedelmät ja vihannekset:1,Vihannekset:40,Valkosipulit:45,g,453.0,0.0895,16.3,7.9,0.0,2.1,,
spice up! 100g kelt thai currytahna,Leivonta ja maustaminen:807,Maustekastikkeet:867,Lämpimästä myytävät tahnat:871,g,401.0,1.3,15.0,3.6,14.0,,,
maggi 10kpl/100g kasvisliemi,Leivonta ja maustaminen:807,Liemivalmisteet:862,Kasvisliemivalmist.:866,g,992.0,5.1,40.9,5.5,40.4,1.0,,
sipuli irto,Hedelmät ja vihannekset:1,Vihannekset:40,Sipulit:44,g,127.0,0.0895,4.8,1.25,3.7,1.7,,
porkkanapussi luomu,Hedelmät ja vihannekset:1,Juurikasvit:64,"Porkkanat, pakattu:11848",g,137.0,0.164,5.56,0.62,0.02,2.55,,
philadelphia 200g original,Juustot:417,Tuorejuusto:472,Maustamattomat tuorejuustorasiat:2886,g,965.0,21.0,4.3,5.4,0.75,0.2,,
vaasan 100% kaura 400g/ 6 kpl,Leipä:701,Tuore leipä:702,Vaaleat palaleivät:703,g,950.0,4.4,37.0,9.6,1.1,8.3,,
reissumies 280g tosi tumma ruislei,Leipä:701,Tuore leipä:702,Tummat palaleivät:710,g,1040.0,3.1,37.0,11.0,1.1,9.1,,
rypälerasia tumma stön,Hedelmät ja vihannekset:1,Hedelmät:2,Rypäleet:19,g,309.0,0.4,15.5,0.8,2.25,1.1,"Rypäleet, tummat:20",
meira ruokasooda 125g tölkki,Leivonta ja maustaminen:807,Leivontatarvikkeet:827,Leivontaperustuotteet:831,g,0.0,0.0,0.0,0.0,0.0,,,
creme bonjour 200g mustapippuri,Juustot:417,Tuorejuusto:472,Maustetut tuorejuustorasiat:2887,g,1138.0,28.0,2.9,2.6,1.1,,,
elovena 10x30g voimakaura keksi,Leipä:701,Keksit:767,Välipalakeksit:778,g,1920.0,20.0,48.0,17.0,1.3,9.0,,
sne n1.0kg porsaan kasslerkyljys,Liha:80,Porsaanliha:170,Porsaan kyljykset:172,g,1033.0,21.0,0.0,15.0,0.1,,,
arla 500g norm suol vl meijerivoi,Rasvat ja öljyt:476,Käärevoi:483,,g,3000.0,80.0,1.0,1.0,0.8,,,
tuna flakes in oil. skipjack,Kala:262,Kalasäilykkeet:340,Tonnikalasäilykkeet:343,g,798.0,13.0,6.0,1.0,,12.0,,
atria 700g karjalanpaisti,Liha:80,Naudanliha:178,Naudan pata- ja keittolihat:179,g,735.0,11.0,0.0,19.0,0.1,0.0,,
alpro 750g pehm täyt mustikka soi,Maito:351,Jogurtit:390,Ei-maitopohjainen valmiste:2601,g,210.0,2.3,2.1,4.0,0.25,1.0,,
coca-cola  150 cl kmp,Juomat:994,Virvoitusjuomat:1022,Colavirvoitusjuomat:1023,g,181.0,0.0,10.6,0.0,0.0,,,
pingviini 1l/495g vanilja,Pakasteet:1075,Jäätelöt:1136,Kotipakkaukset:1138,g,798.0,10.0,22.0,2.5,0.15,0.0,,
v parhaat maukkaat jyväviipaleet,Leipä:701,Tuore leipä:702,Kosteat täysjyväleivät:711,g,1373.0,6.8,49.0,11.0,1.0,13.0,,
latz 12x100g sensations herkku hyyt,Lemmikit:1337,Kissanruoat:1397,Kosteat kissan ruoat:1804,g,0.0,0.5,3.0,13.0,,,Kissan monipakkauspussit yli 8 kpl:1814,
taf hearts 235g maust maissisnacks,"Makeiset, jäätelöt ja naposteltavat:1144",Sipsit ja muut naposteltavat:1212,Muotosnacksit:1215,g,2211.0,32.0,53.0,5.4,3.0,,,
rainbow 1l vaniljakermajäätelö,Pakasteet:1075,Jäätelöt:1136,Kotipakkaukset:1138,g,761.0,10.0,21.0,1.4,0.08,0.0,,14.0
jyväbroiler 450g bas-tom br fileep,Liha:80,"Broileri, kana & kalkkuna:186","Br. pihvit, leik. ja puolivalm.:190",g,460.0,3.0,1.0,20.0,0.93,0.2,,
atria 1kg n-p jauheliha,Liha:80,Jauheliha:167,Jauhelihat:168,g,1029.0,20.0,0.0,17.0,0.14,0.0,,
puikula 500g täysjyväruis ruisleipä,Leipä:701,Tuore leipä:702,Tummat palaleivät:710,g,1039.0,1.7,41.0,12.0,1.1,10.0,,
friggs 130g ohut chia&merisuo maiss,Leipä:701,Kuivaleivät:757,Maustetut riisikakut:762,g,1600.0,3.1,74.0,9.3,,7.5,,
marabou145g daim bites,"Makeiset, jäätelöt ja naposteltavat:1144",Karkkipussit:1155,Suklaamakeispussit ja -pakkaukset:1160,g,2134.0,27.0,61.0,5.3,0.82,1.7,,
lihapasteija,Leipä:701,Kaupan paistopiste:717,Välipalatuotteet:12530,g,1631.0,25.0,33.0,8.3,1.0,1.6,,
sne 750g sika-nauta jauheliha,Liha:80,Jauheliha:167,Jauhelihat:168,g,1150.0,23.0,0.0,17.0,0.1,,,
makea terttukirsikkatomat,Hedelmät ja vihannekset:1,Vihannekset:40,Tomaatit:41,g,95.0,0.1614,3.45,0.56,0.0,1.4,,
järvikylä min30g basilika,Hedelmät ja vihannekset:1,Yrtit:79,,g,168.0,0.8,5.0,3.1,0.0,3.9,,
saar 345ml memph smok bbq-kastike,Kuivatuotteet:895,Kastikkeet:957,Grill.-ja marin.kast:963,g,756.0,19.3,2.4,0.6,3.5,,,
karl fazer 200g maitosuklaa suklevy,"Makeiset, jäätelöt ja naposteltavat:1144",Suklaat:1145,Maitosuklaalevyt:1154,g,2220.0,31.0,50.0,11.0,0.42,,,
järvikylä min50g tilli,Hedelmät ja vihannekset:1,Yrtit:79,,g,108.0,0.8,0.9,3.7,0.065,2.1,,
järvikylä min50g villirucola,Hedelmät ja vihannekset:1,Vihannekset:40,Salaatit:49,g,105.0,0.7,2.1,2.6,0.0675,1.6,Erikoissalaatit:11787,
ruohosipuli,Leivonta ja maustaminen:807,Mausteet:819,Yrttimausteet:826,g,95.0,0.1947,1.7,1.38,14.0,2.4,,
juustoportti täysmaito 1l,Maito:351,Maito:352,Perusmaidot kylmästä:1751,g,270.0,3.5,4.8,3.2,0.1,,,
muru 40g/0.6dl vaniljapuikko,Pakasteet:1075,Jäätelöt:1136,Puikot:1142,g,1408.0,22.0,29.0,3.9,0.18,,,
sika-nautajauheliha 23%,Liha:80,Jauheliha:167,Jauhelihat:168,g,1155.0,23.0,0.0,17.0,0.1,,,
kar 400g kananpojan jauhelih mausta,Liha:80,Jauheliha:167,Jauhelihat:168,g,429.0,3.0,0.0,19.0,0.18,,,
vaasan ruispalat jyväinen 450g,Leipä:701,Tuore leipä:702,Tummat palaleivät:710,g,1235.0,8.3,40.0,14.0,1.1,11.0,,
taf juustosnacks 235g maust jsnacks,"Makeiset, jäätelöt ja naposteltavat:1144",Sipsit ja muut naposteltavat:1212,Juustosnacksit:1214,g,2295.0,33.0,51.0,10.0,1.8,,,
rb 0.5 l kmp orange,Juomat:994,Virvoitusjuomat:1022,Muut virvoitusjuomat:1026,g,170.0,0.0,10.3,0.0,0.0,0.0,,
mansikkarasia,Hedelmät ja vihannekset:1,Marjat:78,,g,195.0,0.1909,8.4,0.5,0.0,1.9,,
puuroriisi,Kuivatuotteet:895,"Riisit, pastat ja nuudelit:914",Puuroriisit:918,g,1468.0,1.2,77.0,7.5,0.01,,,
atria 300g vinaigrette kaalisal,Valmisruoka:497,Salaatit:498,Raaste- ja tuoresalaatit:501,g,662.0,12.0,11.0,0.9,0.72,1.2,,
yosa kauravälipala 400g vanilja,Maito:351,Jogurtit:390,Ei-maitopohjainen valmiste:2601,g,327.0,1.5,15.0,1.5,0.13,0.3,,
fettuccine,Valmisruoka:497,Aterian osat:12846,Tuorepasta:12868,g,1209.0,2.8,53.0,11.0,0.07,,,1.4
apetina 100g aurinkok.tomaat. snack,Juustot:417,Ruokajuustot:447,Fetatyyppiset juustot:2857,g,1318.0,27.0,2.7,15.0,3.0,,,
omena royal gala,Hedelmät ja vihannekset:1,Hedelmät:2,Omenat:10,g,161.0,0.0396,8.16,0.16,0.0,1.5,"Omenat, punakeltaiset:11",
koskenlaskija 250g paprika,Juustot:417,Ruokajuustot:447,Sulatejuustopalat:2861,g,1150.0,22.0,0.0,19.0,2.8,0.0,,
hedtar luomtäysmehu hedpork 1l,Rasvat ja öljyt:476,Rypsiöljyt:485,Ei kylmäpuristetut rypsiöljyt:486,g,3700.0,100.0,0.0,0.0,0.0,0.0,,
jälkiuunlast ruohosi 130g rap ruisl,Leipä:701,Kuivaleivät:757,Naposteltavat kuivaleivät:1866,g,1465.0,9.3,51.0,8.8,1.9,13.0,,
sne 400g kunnon nakkimakkara,Liha:80,Ruokamakkarat:220,Nakit:222,g,1200.0,26.0,0.3,14.0,2.1,0.0,,
latz 400g seaside sensations,Lemmikit:1337,Kissanruoat:1397,Kuivat kissanruoat:1398,g,0.0,10.0,,30.0,,2.0,Kissan perusruoka <1kg:1403,
fazer pätkis 39g/0.6dl puikko,Pakasteet:1075,Jäätelöt:1136,Puikot:1142,g,1408.0,22.0,29.0,3.9,0.18,,,
dukat 100g suklaa mousse,Maito:351,Vanukas ja jälkiruoka:2626,Herkutteluvanukas:2627,g,876.0,10.7,23.9,3.7,0.1,1.4,,
kotimaista 700g sika-nautajauheliha,Liha:80,Jauheliha:167,Jauhelihat:168,g,1100.0,23.0,0.0,17.0,0.05,,,
hartwall jaffa limonadijää 68g/70ml,Pakasteet:1075,Jäätelöt:1136,Mehujäät:1140,g,400.0,0.0,24.0,0.5,0.01,,,
sne 400g porsaan palapaisti,Liha:80,Porsaanliha:170,Porsaan suikaleet ja kuutiot:173,g,860.0,15.0,0.0,18.0,0.1,,,
taf micropopcorn 90g voinmaku,"Makeiset, jäätelöt ja naposteltavat:1144",Sipsit ja muut naposteltavat:1212,Popcornit:1218,g,1788.0,21.0,48.0,8.1,2.5,,,
dolmio 500g lasagne välim.vihan.tom,Kuivatuotteet:895,Kastikkeet:957,Pastakastikkeet:966,g,196.0,0.2,9.1,1.2,0.83,,,
valio voi 500 g normaalisuolainen,Rasvat ja öljyt:476,Käärevoi:483,,g,2984.0,80.0,0.8,0.6,1.4,,,
taf nacho ch balls 235g m jsnacks,"Makeiset, jäätelöt ja naposteltavat:1144",Sipsit ja muut naposteltavat:1212,Juustosnacksit:1214,g,2250.0,30.0,58.0,7.5,1.9,,,
jenkki pro 90g freshmint purukumi,"Makeiset, jäätelöt ja naposteltavat:1144",Purukumit:1168,Purukumipussit ja -pakkaukset>60g:1170,g,725.0,0.8,68.0,0.0,0.0,1.38,,
sm tm 84g taco spice mix 3-pack,Kuivatuotteet:895,Tex-mex:935,Texmex-mausteet:937,g,1222.0,2.0,46.0,9.6,,,,
heimon n250g savulohifileepala,Kala:262,Savukalat:324,Lämminsavu-/hiillostettu kala:326,g,620.0,6.7,0.0,21.9,1.5,,,
sm whole wheat tortilla 320g,Kuivatuotteet:895,Tex-mex:935,"Kuoret,tortillat ja dinnerit:936",g,1171.0,5.5,47.0,8.0,1.2,5.2,,
atria 400g kevyt jauheliha 9,Liha:80,Jauheliha:167,Jauhelihat:168,g,693.0,9.5,0.0,20.0,0.15,0.0,,
ristorante 335 g mozzarella,Valmisruoka:497,Pakastepizzat:535,Ohutp pizz 200-500g:537,g,1091.0,13.3,24.0,10.0,1.0,,,
tummasuklaa&minttuvanukas,"Makeiset, jäätelöt ja naposteltavat:1144",Suklaat:1145,Tummasuklaalevyt:1146,g,2387.0,48.0,21.0,9.3,0.02,,,21.0
tuplasuklaavanukas,Maito:351,Vanukas ja jälkiruoka:2626,Perusvanukas:2630,g,524.0,4.6,18.0,2.8,,,,
heimon n900g savukirjolohi,Kala:262,Savukalat:324,Lämminsavu-/hiillostettu kala:326,g,620.0,6.7,0.0,21.9,1.5,,,
lu 100g tuc sweet chili,Leipä:701,Keksit:767,Voileipä- ja suolakeksit:770,g,2047.0,23.0,65.0,8.1,1.94,2.3,,
lipsi vadelmalimonadijää 70ml/68g,Pakasteet:1075,Jäätelöt:1136,Mehujäät:1140,g,440.0,0.0,26.0,0.5,0.01,,,
snickers 75g 2pack suklaapatukka,"Makeiset, jäätelöt ja naposteltavat:1144",Suklaat:1145,Energiasuklaapatukat:1151,g,2018.0,22.5,60.5,8.6,0.63,,,
rypäleet,Hedelmät ja vihannekset:1,Hedelmät:2,Rypäleet:19,g,310.0,0.4,15.5,0.8,2.25,1.1,"Rypäleet, vihreät:22",
ristorante  360 g salame mozzarella,Valmisruoka:497,Pakastepizzat:535,Ohutp pizz 200-500g:537,g,1063.0,13.9,23.2,9.1,1.4,,,
kulta katriina 450g tummempi sj,Juomat:994,Kahvit ja suodatinpaperit:2609,Suodatinjauhatuskahvit:2610,g,13.0,0.1,0.3,0.3,,,,
lapin liha kotasavu 250g palvis,Liha:80,Muut lihat ja lihajalosteet:230,"Suikaleet, kuutiot ja rouheet:3023",g,558.0,8.8,3.9,8.7,2.7,,,
pastella 250g luomu rav pinaat tuor,Valmisruoka:497,Aterian osat:12846,Tuorepasta:12868,g,1094.0,9.5,31.0,12.0,1.3,2.6,,
arla ihana 200g kauma piparkakku,Maito:351,Ruoanvalmistustuotteet:371,Rahkat kylmästä:1777,g,660.0,7.0,16.0,7.3,0.1,,,
valio raejuusto 200g,Juustot:417,Ruokajuustot:447,Raejuustot:2858,g,343.0,2.0,1.8,14.0,0.7,,,
tomaatti suomi,Hedelmät ja vihannekset:1,Vihannekset:40,Tomaatit:41,g,95.0,0.1614,3.45,0.56,0.0,1.4,,
rainbow 1,Juomat:994,Virvoitusjuomat:1022,Lasten virvoitusjuomat:1873,g,170.0,0.0,10.0,0.0,0.0,,,
kotivara 150g pepperoni salami,Liha:80,Leikkeleet:226,Meetvurstit:228,g,1903.0,40.0,1.5,22.5,4.0,1.0,,
atria 480g naturel k flei,Terveystuotteet:12129,Ravintolisät:12480,Rasvahappovalmisteet:12486,g,175.0,4.6,,,,,,
taf dippi 20g american dippimauste,"Makeiset, jäätelöt ja naposteltavat:1144",Sipsit ja muut naposteltavat:1212,Dippikastikkeet:1219,g,1439.0,3.7,64.0,9.0,13.0,,,
taf kart 180g tilli kv maust plastu,"Makeiset, jäätelöt ja naposteltavat:1144",Sipsit ja muut naposteltavat:1212,Perunalastut:1213,g,2213.0,27.0,62.0,7.2,1.6,,,
valio maust rahka 200g kausim,Maito:351,Ruoanvalmistustuotteet:371,Rahkat kylmästä:1777,g,650.0,7.0,16.0,7.2,0.1,1.0,,
valio oltermanni cheddar e900g,Juustot:417,Kermajuusto:437,Kermajuustopalat:2823,g,1450.0,27.0,0.0,26.0,1.6,,,
dole 227/139g tg ananasviipal mehus,Kuivatuotteet:895,Säilykkeet:941,Hedelmä ja marjasäil:946,g,256.0,0.1,14.0,0.4,0.1,1.1,,
nescafé 8kpl/148g vanilla latte,Juomat:994,Kahvit ja suodatinpaperit:2609,Pikakahvit:2613,g,211.0,9.0,71.3,8.3,1.04,2.6,,
marli vital 1l karpalo-rypälejuoma,Juomat:994,Mehut:1018,Juomavalmiit mehut ja juomat:1021,g,190.0,0.1,9.0,0.1,0.0,,,
yosa kauravälipala 2x125g mus-b luo,Maito:351,Jogurtit:390,Ei-maitopohjainen valmiste:2601,g,222.0,0.6,12.0,1.2,0.03,1.0,,
pastella 250g ravioli pinaat tuorep,Valmisruoka:497,Aterian osat:12846,Tuorepasta:12868,g,1117.0,6.2,41.0,10.0,1.1,4.7,,
salonen kaura100 4/240g,Leipä:701,Tuore leipä:702,Vaaleat palaleivät:703,g,1111.0,5.4,38.9,10.6,0.9,8.9,,
valio creme fraiche 150g laktoosito,Maito:351,Ruoanvalmistustuotteet:371,Ranskankermat kylmästä:1781,g,1135.0,28.0,3.5,2.3,0.1,0.0,,
puffet 62g/1,Pakasteet:1075,Jäätelöt:1136,Muut annosjäätelöt:1139,g,1180.0,11.0,42.0,4.1,,,,
sm nacho chips 475g,Kuivatuotteet:895,Tex-mex:935,Lastut:940,g,2004.0,20.0,65.0,6.3,0.9,4.5,,
taco sauce hot,Kuivatuotteet:895,Tex-mex:935,Texmex-kastikkeet:938,g,138.0,0.0,4.8,1.6,0.95,1.8,,
marli vital 1l appels-porkkana-sitr,Juomat:994,Mehut:1018,Juomavalmiit mehut ja juomat:1021,g,163.0,0.1,9.0,0.3,0.0,,,
yosa kauravälipala 2x125g metsämarj,Maito:351,Jogurtit:390,Ei-maitopohjainen valmiste:2601,g,230.0,0.6,12.5,1.2,0.03,1.1,,
chorizo ring,Liha:80,Leikkeleet:226,Meetvurstit:228,g,2306.0,49.0,3.0,26.0,4.9,,,
elovena 10x30g uuniome-toffee keksi,Leipä:701,Keksit:767,Välipalakeksit:778,g,1870.0,16.0,64.0,8.0,1.0,7.0,,
mandariini bruno,Hedelmät ja vihannekset:1,Hedelmät:2,Sitrushedelmät:3,g,189.0,0.1198,8.3,0.51,0.0,1.9,Mandariinit:8,
sm tm 336g corn tortilla,Kuivatuotteet:895,Tex-mex:935,"Kuoret,tortillat ja dinnerit:936",g,1250.0,5.5,50.0,7.5,,,,
oatly 1l kaurajuoma suklaa,Maito:351,"Soija-, kaura- ja muut maitojuomat:364",Ei maitopohjaiset juomat lämpimästä:1763,g,250.0,1.5,10.0,1.2,0.16,1.1,,
fazer travel 130g orange sukllevy,"Makeiset, jäätelöt ja naposteltavat:1144",Suklaat:1145,Maitosuklaalevyt:1154,g,2223.0,31.0,50.0,8.4,0.16,,,
hk 400g naudan jauheliha 10 %,Liha:80,Jauheliha:167,Jauhelihat:168,g,710.0,10.0,0.0,20.0,,,,
herkkusienirasia,Hedelmät ja vihannekset:1,Sienet:77,,g,67.0,0.2107,0.3,2.1,0.0,1.5,,
pätkis 140g mini bites minttutryffe,"Makeiset, jäätelöt ja naposteltavat:1144",Karkkipussit:1155,Suklaamakeispussit ja -pakkaukset:1160,g,2062.0,26.0,61.0,3.5,0.1,,,
reissumies 280g ruissämpylä sämpyl,Leipä:701,Tuore leipä:702,Sämpylät:708,g,1081.0,3.8,40.0,12.0,0.7,8.7,,
atria 600g burger naudanliha,Liha:80,Jauheliha:167,Jauhelihat:168,g,1029.0,20.0,0.0,17.0,0.14,0.0,,
pastella 250g spagh natur tuorepas,Valmisruoka:497,Aterian osat:12846,Tuorepasta:12868,g,1120.0,2.5,48.0,11.0,0.0,2.4,,
saar 200g bataattipyörykät,Valmisruoka:497,"Pihvit, puikot, pyörykät ja ohukaiset:552",Pyörykät:566,g,753.0,8.1,20.0,5.7,0.95,3.2,,
planti 2x150g tropical fruits soyg.,Maito:351,Jogurtit:390,Ei-maitopohjainen valmiste:2601,g,330.0,1.9,10.0,3.9,0.1,2.4,,
atria pt 1000g honey b fileel,Liha:80,"Broileri, kana & kalkkuna:186","Br. pihvit, leik. ja puolivalm.:190",g,393.0,1.6,2.5,17.0,1.2,0.2,,
pp luotolaispalat 6/300g,Leipä:701,Tuore leipä:702,Tummat palaleivät:710,g,1080.0,1.7,50.8,7.0,1.2,4.0,,
atria 300g jalapeño coleslaw,Valmisruoka:497,Salaatit:498,Majoneesisalaatit:499,g,774.0,17.0,5.9,1.1,0.51,1.4,,
pantti 0,Juomat:994,Vedet:1028,Hyvinvointivesi:2954,g,242.0,0.0,4.8,0.0,0.01,,,
somersby apple 4,Juomat:994,Siiderit:1051,Siiderit omena tavallinen:2976,g,240.0,,7.6,,,,,
happy joe dry apple 4,Juomat:994,Siiderit:1051,Siiderit omena kuiva:2978,g,192.0,0.0,4.6,0.0,,0.0,,
airwaves 35g lemon ice purukumi,"Makeiset, jäätelöt ja naposteltavat:1144",Purukumit:1168,Purukumipussit ja -pakkaukset<60g:1171,g,650.0,0.0,64.0,0.0,,0.0,,
kinder maxi 6x21g maitosukl patukka,"Makeiset, jäätelöt ja naposteltavat:1144",Suklaat:1145,Pienet suklaapatukat:1149,g,2360.0,35.0,53.5,8.7,0.313,,,
v ruisnacho seesami&merisuola 130g,Leipä:701,Kuivaleivät:757,Naposteltavat kuivaleivät:1866,g,1572.0,8.5,53.0,12.0,1.4,19.0,,
fbo croissant,Leipä:701,Kaupan paistopiste:717,Kahvileivät:12529,g,1678.0,21.0,45.0,8.1,1.1,1.4,,
pingviini 1l/509g suklaa,Pakasteet:1075,Jäätelöt:1136,Kotipakkaukset:1138,g,909.0,12.0,22.0,3.1,0.15,1.3,,
oatly 1l kaurajuoma luomu,Maito:351,"Soija-, kaura- ja muut maitojuomat:364",Ei maitopohjaiset juomat lämpimästä:1763,g,160.0,0.5,6.7,1.0,0.11,0.8,,
apetina 200g 8% pala juusto,Juustot:417,Ruokajuustot:447,Fetatyyppiset juustot:2857,g,1020.0,20.0,2.5,14.0,2.5,,,
sm tm 28g taco spice mix,Kuivatuotteet:895,Tex-mex:935,Texmex-mausteet:937,g,1222.0,2.0,46.0,9.6,,,,
sm 28g fajita spice mix smoky bbq,Kuivatuotteet:895,Tex-mex:935,Texmex-mausteet:937,g,1130.0,3.5,45.0,8.7,,,,
kotimaista 400g br sisäfilee,Liha:80,"Broileri, kana & kalkkuna:186",Broilerin fileet:192,g,469.0,2.9,0.5,20.0,1.1,,,
kaurakolmiosämp. 4kpl/400g,Leipä:701,Tuore leipä:702,Sämpylät:708,g,211.0,1.8,39.0,9.1,1.2,3.0,,
eucamenthol 200g kurkkukaramelli,"Makeiset, jäätelöt ja naposteltavat:1144",Pastillit:1163,Kurkkupastillipussit ja -rasiat:1165,g,1622.0,0.5,96.0,0.5,0.11,,,
panda virvon varvon 209g suklpatuk,"Makeiset, jäätelöt ja naposteltavat:1144","Sesonki-, lahja- ja kausimakeiset:1178",Suklaapatukkapussit:1195,g,1877.0,16.0,72.0,2.9,0.17,,,
tamm n700g n makul keittoliha,Liha:80,Naudanliha:178,Naudan paistit:185,g,719.0,11.0,0.0,19.0,0.1,0.0,,
a+ luonnonjog+mysli 200g lton,Maito:351,Jogurtit:390,Herkuttelujogurtti:2599,g,500.0,4.7,12.0,5.4,0.1,,,
mp täysjyvä raketti spagetti 350g,Kuivatuotteet:895,"Riisit, pastat ja nuudelit:914",Spagetit:934,g,1415.0,2.4,61.0,13.0,0.007,8.2,,
grandiosa 350g pollo mozz kiviuunip,Valmisruoka:497,Pakastepizzat:535,Ohutp pizz 200-500g:537,g,1046.0,12.0,23.0,11.0,1.1,,,
fazer geisha 70g/1,Pakasteet:1075,Jäätelöt:1136,Tuutit:1137,g,1477.0,20.0,38.0,4.6,0.16,,,
sne 400g sika-nauta jauheliha,Liha:80,Jauheliha:167,Jauhelihat:168,g,1155.0,23.0,0.0,17.0,0.1,,,
naudan keittolihakuutio,Liha:80,Naudanliha:178,Naudan pata- ja keittolihat:179,g,490.0,4.0,0.0,20.0,0.2,,,
knorr 1l kasvissosekeitto,Valmisruoka:497,Keitot:1797,Muut valmiit keitot:3086,g,303.0,4.4,6.5,1.0,0.68,0.8,,
ristorante 355 g pollo,Valmisruoka:497,Pakastepizzat:535,Ohutp pizz 200-500g:537,g,892.0,9.0,23.0,8.6,1.1,,,
herkkusieni irto,Hedelmät ja vihannekset:1,Sienet:77,,g,67.0,0.2107,0.3,2.1,3.2,1.5,,
aura e 170g pala,Juustot:417,Homejuusto:429,Homejuustot:2813,g,1400.0,29.0,0.0,18.0,3.1,0.0,,
dip mix american 20g,"Makeiset, jäätelöt ja naposteltavat:1144",Sipsit ja muut naposteltavat:1212,Dippikastikkeet:1219,g,1392.0,1.8,64.0,8.4,10.8,,,48.0
ben & jerry's 500ml cookie dough,Pakasteet:1075,Jäätelöt:1136,Kotipakkaukset:1138,g,1100.0,15.0,30.0,4.0,0.17,,,
dip mix taco 20g,"Makeiset, jäätelöt ja naposteltavat:1144",Sipsit ja muut naposteltavat:1212,Dippikastikkeet:1219,g,1358.0,2.8,62.0,6.2,7.9,,,30.0
sne 130g pepperoni,Liha:80,Leikkeleet:226,Meetvurstit:228,g,1860.0,38.0,1.8,22.0,4.2,0.4,,
taf hot rod 235g maust perunarengas,"Makeiset, jäätelöt ja naposteltavat:1144",Sipsit ja muut naposteltavat:1212,Muotosnacksit:1215,g,1976.0,20.0,68.0,3.1,3.3,,,
pappagallo mangosorbetti 0.5l,Pakasteet:1075,Jäätelöt:1136,Kotipakkaukset:1138,g,510.0,0.5,25.5,0.1,0.0,,,
felix 980g väh.suol. ja sok ketchup,Kuivatuotteet:895,Kastikkeet:957,Tomaattiketsupit:960,g,250.0,0.0,13.0,0.7,1.5,1.3,,
valio oltermanni tilsit e900 g,Juustot:417,Kermajuusto:437,Kermajuustopalat:2823,g,1450.0,27.0,0.0,26.0,1.7,0.0,,
luumutomaattirasia,Hedelmät ja vihannekset:1,Vihannekset:40,Tomaatit:41,g,95.0,0.1614,3.45,0.56,0.0,1.4,,
tortilla chips cheese,Kuivatuotteet:895,Tex-mex:935,Lastut:940,g,1972.0,20.0,64.0,6.6,1.6,,,1.5
miniluumutomaattipikari,Hedelmät ja vihannekset:1,Vihannekset:40,Tomaatit:41,g,95.0,0.1614,3.45,0.56,0.0,1.4,,
järvikylä min115g romaine salaatti,Hedelmät ja vihannekset:1,Vihannekset:40,Salaatit:49,g,72.0,0.3,1.2,1.2,0.02,2.1,Erikoissalaatit:11787,
kotimaista 400g naudan jauheliha,Liha:80,Jauheliha:167,Jauhelihat:168,g,950.0,17.0,0.0,19.0,0.1,,,
valio luomu gouda e500g,Juustot:417,Muut juustot:1737,Goudatyyppiset juustopalat:2894,g,1500.0,28.0,0.0,25.0,1.8,,,
taco sauce medium,Kuivatuotteet:895,Tex-mex:935,Texmex-kastikkeet:938,g,146.0,0.2,6.5,1.2,1.2,,,
real 420g ruis täysjyväruisleipä,Leipä:701,Tuore leipä:702,Kosteat täysjyväleivät:711,g,820.0,1.3,35.0,5.4,0.7,10.0,,
kulta katriina 500g tumma pj kahvi,Juomat:994,Kahvit ja suodatinpaperit:2609,Pannujauhatuskahvit:2615,g,13.0,0.1,0.3,0.3,,,,
gouda juusto,Juustot:417,Muut juustot:1737,Goudatyyppiset juustoviipaleet:2898,g,1056.0,16.0,0.3,27.0,1.8,,,0.3
apetit 150g kotimainen pinaatti,Pakasteet:1075,Vihannes- ja juurespakasteet:1087,Kasvispakast yksitt:1090,g,60.0,0.3,0.4,1.6,0.3,1.3,,
eila kreikk jog150g must-van lton,Maito:351,Jogurtit:390,Herkuttelujogurtti:2599,g,500.0,4.7,12.0,5.4,0.1,,,
sne 800g porsaan kassler,Liha:80,Porsaanliha:170,Porsaan uunilihat/paistit:171,g,860.0,15.0,0.0,18.0,0.1,,,
hyvä apaja 300g kirjolohipyörykkä,Kala:262,Kalajalosteet:339,,g,927.0,15.0,7.0,15.0,0.9,1.0,,
kinder bueno 43g maitosuk pääl vohv,"Makeiset, jäätelöt ja naposteltavat:1144",Suklaat:1145,Pienet suklaapatukat:1149,g,2360.0,35.0,53.5,8.7,0.3,,,
cookie med 3 sort choklad 4st,Leipä:701,Keksit:767,Kahvikeksit:776,g,2056.0,25.0,61.0,4.1,0.2,,,
marli vital 1l tyrni-mand-app mehuj,Juomat:994,Mehut:1018,Juomavalmiit mehut ja juomat:1021,g,157.0,0.2,8.6,0.2,0.0,,,
latz 12x100g sensations herkku kast,Lemmikit:1337,Kissanruoat:1397,Kosteat kissan ruoat:1804,g,0.0,3.2,,13.2,,0.1,Kissan monipakkauspussit yli 8 kpl:1814,
panda riisisuklaa 130g maitosu,"Makeiset, jäätelöt ja naposteltavat:1144",Suklaat:1145,Maitosuklaalevyt:1154,g,2215.0,29.0,57.0,7.7,0.25,,,
omena golden,Hedelmät ja vihannekset:1,Hedelmät:2,Omenat:10,g,161.0,0.0396,8.16,0.16,0.8,1.5,"Omenat, keltaiset:14",
latz 12x100g sensations extras he,Lemmikit:1337,Kissanruoat:1397,Kosteat kissan ruoat:1804,g,0.0,2.5,,11.5,,0.5,Kissan monipakkauspussit yli 8 kpl:1814,
apetit 150g viip rdtn ksavulohifil,Kala:262,Savukalat:324,Kylmäsavustettu kala:327,g,750.0,11.0,0.1,19.0,2.5,,,
real snacks 300g kaikilla mausteill,"Makeiset, jäätelöt ja naposteltavat:1144",Sipsit ja muut naposteltavat:1212,Perunalastut:1213,g,2256.0,34.0,48.0,5.6,1.3,4.7,,
taf dippi 13g cr pep ker pip dipmau,"Makeiset, jäätelöt ja naposteltavat:1144",Sipsit ja muut naposteltavat:1212,Dippikastikkeet:1219,g,1391.0,0.9,72.0,6.9,12.0,,,
paprika punainen irto,Hedelmät ja vihannekset:1,Vihannekset:40,Paprikat:43,g,122.0,0.21,4.5,0.94,0.0,1.9,,
karl fazer 195g domino maitosuklaa,"Makeiset, jäätelöt ja naposteltavat:1144",Suklaat:1145,Maitosuklaalevyt:1154,g,2225.0,32.0,51.0,10.0,0.45,,,
pätkis 99g suklaalevy,"Makeiset, jäätelöt ja naposteltavat:1144",Suklaat:1145,Maitosuklaalevyt:1154,g,2297.0,34.0,53.0,8.3,0.23,,,
lu 105g tuc tomato&herb,Leipä:701,Keksit:767,Voileipä- ja suolakeksit:770,g,1953.0,16.0,69.0,8.7,1.36,3.1,,
alpro 150g pbay blueberry,Maito:351,Jogurtit:390,Ei-maitopohjainen valmiste:2601,g,305.0,2.0,9.4,3.6,0.0,1.2,,
kotimaista 400g broilerin jauheliha,Liha:80,Jauheliha:167,Jauhelihat:168,g,471.0,4.0,0.0,19.0,0.1,0.0,,
tomaatti,Hedelmät ja vihannekset:1,Vihannekset:40,Tomaatit:41,g,95.0,0.1614,3.45,0.56,0.0,1.4,,
jyväbroiler 200g kaksi pap bleikkel,Liha:80,Leikkeleet:226,Vaaleat leikkeleet:227,g,801.0,14.0,0.8,16.0,2.0,0.2,,
taf fire balls 235g maust jsnacks,"Makeiset, jäätelöt ja naposteltavat:1144",Sipsit ja muut naposteltavat:1212,Juustosnacksit:1214,g,2216.0,29.0,58.0,7.6,2.3,,,
jäävuorisalaatti pakattu,Hedelmät ja vihannekset:1,Vihannekset:40,Salaatit:49,g,54.0,0.1367,0.98,1.12,0.02,1.2,Jäävuorisalaatit:11784,
kennelpakaste 500g naudan jauheli,Lemmikit:1337,Pakasteet:14009,,g,640.0,8.9,,20.0,,,,
oscar 500g raaka kasvissose koirill,Lemmikit:1337,Pakasteet:14009,,g,132.0,,,,,1.3,,
kukko 0,Juomat:994,Oluet:1041,Vaalea lager olut:2961,g,151.0,0.0,2.2,0.5,0.0,,,
kennelpakaste 500g jauhettu sianlih,Lemmikit:1337,Pakasteet:14009,,g,912.0,17.2,,19.3,,,,
fetajuustokolmio pasteija,Leipä:701,Kaupan paistopiste:717,Välipalatuotteet:12530,g,1752.0,31.0,27.0,7.6,1.1,2.2,,
tortilla chips natural salted,Kuivatuotteet:895,Tex-mex:935,Lastut:940,g,1972.0,20.0,64.0,6.6,0.9,,,1.5
raejuusto lakka 130g lakton,Maito:351,Välipala:2648,Muu välipala:2651,g,514.0,4.0,12.0,9.5,0.2,,,
bf welldone härkä 3-pack 45g,Lemmikit:1337,Koiranruoat:1338,Koiran makupalat:1368,g,0.0,18.0,,40.0,,1.0,Koiran lihaliuskat ja tikut:1374,
nestlé 8kpl/192g choco hot creamy,Juomat:994,Kaakaot:1012,Kaakaomaitojuomajauheet:1014,g,206.0,0.9,8.9,1.0,0.15,0.5,,
sipulisämpylä4/pss320gpirjonpakari,Leipä:701,Tuore leipä:702,Sekaleivät:714,g,941.0,2.4,41.5,8.9,1.1,3.7,,
alpro 4x125g tummasuklaa soijavanuk,Maito:351,Vanukas ja jälkiruoka:2626,Ei-maitopohjainen vanukas:2631,g,396.0,2.3,14.7,3.0,0.14,1.4,,
hetki tomaatti 250g miniluumu,Hedelmät ja vihannekset:1,Vihannekset:40,Tomaatit:41,g,96.0,0.3,3.5,0.6,,1.4,,
eila rahkavaahto 100g mans lton,Maito:351,Vanukas ja jälkiruoka:2626,Perusvanukas:2630,g,447.0,4.0,14.0,3.7,0.25,,,
eila rahkav 100g hedelmä lton,Maito:351,Välipala:2648,Herkutteluvälipalarahka:2650,g,485.0,3.5,15.0,5.7,0.15,,,
atria 300g aasialainen vinaigrette,Valmisruoka:497,Salaatit:498,Raaste- ja tuoresalaatit:501,g,860.0,11.0,9.9,0.9,0.7,1.7,,
taf flavor max 130g wasabi ma js,"Makeiset, jäätelöt ja naposteltavat:1144",Sipsit ja muut naposteltavat:1212,Muotosnacksit:1215,g,2322.0,37.0,49.0,5.7,2.1,,,
novelle plus multib+c 1,Juomat:994,Vedet:1028,Hyvinvointivesi:2954,g,70.0,0.0,4.0,0.0,,0.0,,
puikula 330g täysjyväruis ruisleip,Leipä:701,Tuore leipä:702,Tummat palaleivät:710,g,1039.0,1.7,41.0,12.0,1.1,10.0,,
hätälä 250g lohipyörykkä,Kala:262,Kalajalosteet:339,,g,1193.0,19.0,12.1,16.2,0.9,,,
kismet 55g suklaavohveli,"Makeiset, jäätelöt ja naposteltavat:1144",Suklaat:1145,Keksisuklaapatukat:1150,g,2203.0,30.0,56.0,8.0,0.38,,,
pl porin poika 6kpl/300g ru,Leipä:701,Tuore leipä:702,Tummat palaleivät:710,g,1080.0,1.6,51.0,9.5,100.0,7.9,,
ristor 370g mozzar gluteeniton pizz,Valmisruoka:497,Pakastepizzat:535,Muut pak pizzat:540,g,920.0,10.0,21.0,10.0,0.94,,,
kotim 500g br fileeleike hunajamar.,Liha:80,"Broileri, kana & kalkkuna:186","Br. pihvit, leik. ja puolivalm.:190",g,418.0,5.0,2.8,16.0,,,,
kukkakaali,Pakasteet:1075,Vihannes- ja juurespakasteet:1087,Kasvispakast yksitt:1090,g,85.0,0.1,2.7,1.2,0.1,1.9,,
protein dream 45g wh cho&cook prote,Terveystuotteet:12129,Urheiluravinteet:12482,Urheiluravinnepatukat ja -geelit:12496,g,1514.0,11.0,37.0,33.0,0.55,2.2,,
nix 45 g vanilja,Terveystuotteet:12129,Urheiluravinteet:12482,Urheiluravinnepatukat ja -geelit:12496,g,1787.0,17.0,39.0,32.0,0.5,,,
bf bilanx viljaton - lohi 750g,Lemmikit:1337,Kissanruoat:1397,Kuivat kissanruoat:1398,g,1748.0,22.0,,32.0,,,Kissan sensitive ruoka:1399,
järvikylä min15g vehnänoras,Hedelmät ja vihannekset:1,Vihannekset:40,Muut vihannekset:56,g,92.0,0.2,2.2,2.0,0.04,1.1,Maustevihannekset:12048,
järvikylä min120g ruust sal,Hedelmät ja vihannekset:1,Vihannekset:40,Salaatit:49,g,45.0,0.2,1.0,1.1,0.0625,1.0,Erikoissalaatit:11787,
tesco salted caramel fudge 150g,"Makeiset, jäätelöt ja naposteltavat:1144","Sesonki-, lahja- ja kausimakeiset:1178",Muut makeisrasiat:1181,g,1912.0,15.2,76.9,0.5,1.1,1.0,,
fc 150g raksu maitosuklaa utz,"Makeiset, jäätelöt ja naposteltavat:1144",Karkkipussit:1155,Suklaamakeispussit ja -pakkaukset:1160,g,2112.0,26.0,58.0,7.0,0.12,4.4,,
nmkp 400g of appelsiini-inkivääri,Juomat:994,Mehut:1018,Juomavalmiit mehut ja juomat:1021,g,230.0,0.1,11.7,0.5,,0.5,,
taf dippi 19g makea chili dippimaus,"Makeiset, jäätelöt ja naposteltavat:1144",Sipsit ja muut naposteltavat:1212,Dippikastikkeet:1219,g,1500.0,1.2,82.0,3.5,10.0,,,
kuusamon 1kg paimenpoika kermajuust,Juustot:417,Kermajuusto:437,Kermajuustopalat:2823,g,1600.0,32.0,0.0,24.0,1.3,,,
julia 10% 410g kasvirasvavalmiste,Juustot:417,Muut juustot:1737,Kasvirasvajuustopalat:2895,g,1005.0,10.0,2.0,35.0,0.85,,,
crème bonjour 240g cuisine chili&pa,Maito:351,Ruoanvalmistustuotteet:371,Ranskankermat kylmästä:1781,g,630.0,13.0,5.0,3.5,1.3,,,
apetina 100g yrtit ja mauste snack,Juustot:417,Ruokajuustot:447,Fetatyyppiset juustot:2857,g,1344.0,29.0,0.6,16.0,3.0,,,
korpela 200g kevyt kinkkusuikale,Liha:80,Muut lihat ja lihajalosteet:230,"Suikaleet, kuutiot ja rouheet:3023",g,420.0,5.0,1.0,13.0,1.9,,,
banaani luomu,Hedelmät ja vihannekset:1,Hedelmät:2,Banaanit:18,g,364.0,0.1127,18.3,1.06,0.3,1.8,,
hedtarha luomtäysm musther-hed 1l,Rasvat ja öljyt:476,Rypsiöljyt:485,Ei kylmäpuristetut rypsiöljyt:486,g,3700.0,100.0,0.0,0.0,0.0,0.0,,
naudanlihameetwursti 80g,Liha:80,Leikkeleet:226,Meetvurstit:228,g,743.0,11.0,0.9,25.0,4.3,,,
kariniemen 150g ranskan ratatouille,"Makeiset, jäätelöt ja naposteltavat:1144",Karkkipussit:1155,Suklaamakeispussit ja -pakkaukset:1160,g,1952.0,17.0,71.0,2.9,0.03,,,
arla tolkuton 1kg cheddar,Juustot:417,Muut juustot:1737,Muut perusjuustopalat:2897,g,1618.0,32.0,0.0,26.0,1.8,,,
fanta appelsiini 50 cl kmp,Juomat:994,Virvoitusjuomat:1022,Appelsiinivirvoitusjuomat:1025,g,184.0,0.0,10.6,0.0,0.0,,,
hk 1kg nauta-sika jauheliha 20%,Liha:80,Jauheliha:167,Jauhelihat:168,g,1100.0,22.0,0.0,17.0,0.2,,,
castello 150g white valkohomejuusto,Juustot:417,Homejuusto:429,Homejuustot:2813,g,1666.0,38.0,0.3,14.0,1.5,,,
forlasa 180g tabledeques juustolaji,Juustot:417,Kypsytetyt juustot:443,Muut kypsytetyt juustot:2845,g,1711.0,34.0,2.3,22.0,1.7,,,
oatly påmackan 150g tomaatti/basili,,,,g,937.0,19.0,9.6,3.1,1.23,0.9,,
latz 400g countryside sensations na,Lemmikit:1337,Kissanruoat:1397,Kuivat kissanruoat:1398,g,0.0,10.0,,30.0,,2.0,Kissan perusruoka <1kg:1403,
mini babybel 120g juusto,Juustot:417,Kypsytetyt juustot:443,Muut kypsytetyt juustot:2845,g,1279.0,31.0,0.5,6.0,1.8,,,
valio pehmeä raejuusto 200g,Juustot:417,Ruokajuustot:447,Raejuustot:2858,g,347.0,2.4,3.2,12.0,0.8,,,
arla keittiö 200g mango lton rahka,Maito:351,Ruoanvalmistustuotteet:371,Rahkat kylmästä:1777,g,660.0,7.0,16.0,7.3,0.1,,,
sol lager olut 4,Juomat:994,Oluet:1041,Vaalea lager olut:2961,g,170.0,0.0,3.0,0.4,,,,
geisha 320g dark tumma suklaakonv,"Makeiset, jäätelöt ja naposteltavat:1144",Suklaat:1145,Keksisuklaapatukat:1150,g,2234.0,32.0,52.0,8.0,0.33,,,
eila kreik jog 150 g uuniomena lton,Maito:351,Jogurtit:390,Herkuttelujogurtti:2599,g,500.0,4.7,12.0,5.4,0.1,,,
elonen piiras raparp-vanilja 150g,Leipä:701,Kondituoriatuotteet:736,"Leivokset, kylmästä:744",g,1382.0,17.0,41.9,3.3,0.2,1.0,,
kan val spelttikeksi 100g suolakeks,Leipä:701,Keksit:767,Voileipä- ja suolakeksit:770,g,1800.0,7.0,79.0,9.8,2.1,2.0,,
karl fazer 200g hasselrouhe sukllev,"Makeiset, jäätelöt ja naposteltavat:1144",Suklaat:1145,Maitosuklaalevyt:1154,g,2223.0,30.0,51.0,8.2,0.14,,,
kotimaista 430g br ohutleike mö,Liha:80,"Broileri, kana & kalkkuna:186","Br. pihvit, leik. ja puolivalm.:190",g,460.0,2.1,0.0,23.0,0.13,,,
tuplatoffeevanukas,Maito:351,Vanukas ja jälkiruoka:2626,Perusvanukas:2630,g,526.0,4.9,18.0,2.3,,,,
järvikylä min10g viinisuolaheinä,Hedelmät ja vihannekset:1,Yrtit:79,,g,61.0,0.3,1.5,1.4,0.29625,1.4,,
omena ida red,Hedelmät ja vihannekset:1,Hedelmät:2,Omenat:10,g,161.0,0.0396,8.16,0.16,0.8,1.5,"Omenat, punaiset:12",
yosa kauravälipala 2x125g persik-pa,Maito:351,Jogurtit:390,Ei-maitopohjainen valmiste:2601,g,230.0,0.6,12.5,1.2,0.03,1.1,,
marli vital 1l appelsiini-mangojuo,Juomat:994,Mehut:1018,Juomavalmiit mehut ja juomat:1021,g,183.0,0.1,10.3,1.0,0.0,,,
valio täysmaito 1l hyla uht,Maito:351,Maito:352,Erikoismaidot lämpimästä:1750,g,270.0,3.5,4.8,3.2,0.1,0.0,,
valio arkirae 500g,Juustot:417,Ruokajuustot:447,Raejuustot:2858,g,294.0,1.0,2.1,13.0,0.7,,,
marli vital 1l must-aron-rypäl meju,Juomat:994,Mehut:1018,Juomavalmiit mehut ja juomat:1021,g,158.0,0.1,9.3,0.1,0.0,,,
wanhanajan nakki 380 g,Liha:80,Ruokamakkarat:220,Nakit:222,g,961.0,24.2,0.3,13.9,2.1,,,
porkkanasämpylä4/pss320gpirjonpakar,Leipä:701,"Leipä-, leivonnais- & taikinapakasteet:789",Eritruovalleivät:796,g,971.0,5.6,41.0,3.3,1.1,3.3,,
persikanpuol mehussa 410g,Kuivatuotteet:895,Säilykkeet:941,Hedelmä ja marjasäil:946,g,227.0,0.0,12.0,0.6,,,,
dansukker 1kg hillosokeri,Leivonta ja maustaminen:807,"Sokerit, makeutusaineet ja hunaja:808",Sokerit:812,g,1684.0,0.0,99.0,0.0,0.07,,,
meira vaniljasokeri 40g pussi,Leivonta ja maustaminen:807,Leivontatarvikkeet:827,Leivontaperustuotteet:831,g,1703.0,0.0,99.0,0.0,0.0,,,
mp pyöreä piirtaikina makea 380g pa,Leipä:701,"Leipä-, leivonnais- & taikinapakasteet:789",Muut pakastetaikinat:794,g,1748.0,22.0,47.0,7.0,0.91,2.3,,
kotimaista smetana 35%120g lakt.,Maito:351,Ruoanvalmistustuotteet:371,Smetanat kylmästä:1770,g,1370.0,35.0,2.5,2.0,0.1,0.0,,
kotimaista 2dl vaaht vaniljakast,Maito:351,Jälkiruokakastikkeet:415,,g,730.0,9.8,18.0,3.6,0.25,0.3,,18.0
atria 900g bbq b grillileike,Liha:80,Naudanliha:178,Naudan pata- ja keittolihat:179,g,364.0,4.4,3.1,8.0,0.75,1.1,,
pekoniviipaleet,Liha:80,Leikkeleet:226,Pekonit:1703,g,1138.0,24.0,0.0,14.0,2.5,,,
tuna chunks in oil,Kala:262,Kalasäilykkeet:340,Tonnikalasäilykkeet:343,g,0.0,,0.0,,,,,
hedelmätarha omena-mango mehu 1 l,Juomat:994,Mehut:1018,Juomavalmiit mehut ja juomat:1021,g,190.0,0.0,10.7,0.0,0.0,,,
paprika pun/kelt suomi,Hedelmät ja vihannekset:1,Vihannekset:40,Paprikat:43,g,122.0,0.21,4.5,0.94,0.0,1.9,,
jalapeno green,Kuivatuotteet:895,Tex-mex:935,Texmex-säilykkeet:939,g,68.0,0.0,1.4,0.9,,,,
görans kebabkastike 400ml,Leivonta ja maustaminen:807,Maustekastikkeet:867,Muut maustekastikkeet:872,g,1340.0,31.0,11.0,0.8,2.2,0.9,,
kotimaista 450g kermajuusto 17%,Juustot:417,Kermajuusto:437,Kermajuustopalat:2823,g,1100.0,17.0,0.0,30.0,1.2,,,
lipsi päärynälimonadijää 70ml/68g,Pakasteet:1075,Jäätelöt:1136,Mehujäät:1140,g,420.0,0.0,25.0,0.5,0.01,,,
jääsalaatti pak.,Hedelmät ja vihannekset:1,Vihannekset:40,Salaatit:49,g,54.0,0.1367,0.98,1.12,0.02,1.2,Jääsalaatit:11790,
daim 56g  2-pack,"Makeiset, jäätelöt ja naposteltavat:1144",Suklaat:1145,Energiasuklaapatukat:1151,g,2215.0,31.0,59.5,2.8,0.85,1.2,,
muut rypäleet,Hedelmät ja vihannekset:1,Hedelmät:2,Rypäleet:19,g,310.0,0.0611,15.5,0.75,0.0,1.1,Muut rypäleet:23,
kotimaista 0,Juomat:994,Vedet:1028,Kivennäisvesi:2952,g,0.0,0.0,0.0,0.0,0.0,,,
marabou  320g oreo,"Makeiset, jäätelöt ja naposteltavat:1144",Suklaat:1145,Maitosuklaalevyt:1154,g,2320.0,34.0,55.5,5.4,0.57,1.4,,
korp 200g suussa sulav paahtokinkku,Liha:80,Leikkeleet:226,Kokolihaleikkeleet:229,g,410.0,3.0,1.0,17.0,1.9,,,
pulled pork 0,Liha:80,Muut lihat ja lihajalosteet:230,"Suikaleet, kuutiot ja rouheet:3023",g,661.0,9.1,0.4,18.6,2.1,,,
pehmeä rahka mans 150g ston,Maito:351,Välipala:2648,Perusvälipalarahka:2649,g,238.0,0.3,4.4,9.2,0.1,,,
hk n700g vpo pihvifilee,Liha:80,Porsaanliha:170,Porsaan fileet:174,g,455.0,3.8,0.5,18.0,0.8,,,
mozzarella helmet,Juustot:417,Ruokajuustot:447,Mozzarellajuustot:2859,g,1076.0,19.7,1.52,18.9,,,,
herkkusieni jumbo,Hedelmät ja vihannekset:1,Sienet:77,,g,67.0,0.2107,0.3,2.1,0.0,1.5,,
kuusamon 500g paimenpoika kermajuus,Juustot:417,Kermajuusto:437,Kermajuustopalat:2823,g,1600.0,32.0,0.0,24.0,1.3,,,
valio luomu  turk jog 400g,Maito:351,Ruoanvalmistustuotteet:371,Ruoanvalmistusjogurtit kylmästä:1783,g,500.0,10.0,3.5,3.4,0.11,,,
fazer travel 130g mint cho sukllevy,"Makeiset, jäätelöt ja naposteltavat:1144",Suklaat:1145,Maitosuklaalevyt:1154,g,2249.0,32.0,49.0,8.6,0.16,,,
creamy 461g/0,Pakasteet:1075,Jäätelöt:1136,Kotipakkaukset:1138,g,962.0,9.7,32.0,3.8,0.52,,,
leivo proterve! 300g,Leipä:701,Tuore leipä:702,Vaaleat palaleivät:703,g,1345.0,15.0,30.0,10.8,1.1,9.9,,
panda maitosuklaa 145g maitosuklaa,"Makeiset, jäätelöt ja naposteltavat:1144",Suklaat:1145,Maitosuklaalevyt:1154,g,2264.0,31.0,55.0,7.8,0.27,,,
pan vadelmamuruvalksukl 145g valkos,"Makeiset, jäätelöt ja naposteltavat:1144",Suklaat:1145,Valkosuklaalevyt:1147,g,2284.0,31.0,58.0,7.4,0.28,,,
cashew natural,Leivonta ja maustaminen:807,Kuivat hedelmät ja pähkinät:839,Mantelit ja pähkinät:2764,g,2550.0,46.0,24.0,23.0,0.04,,,
jenkki pro 70g ksyl.sydän spearmint,"Makeiset, jäätelöt ja naposteltavat:1144",Purukumit:1168,Purukumipussit ja -pakkaukset>60g:1170,g,649.0,0.0,63.0,0.0,0.0,1.7,,
suffeli puffi snacks 180g,"Makeiset, jäätelöt ja naposteltavat:1144",Karkkipussit:1155,Suklaamakeispussit ja -pakkaukset:1160,g,2238.0,32.0,57.0,6.9,0.26,,,
findus 250g täysjyv kalafileet msc,Kala:262,Kalapakasteet:346,Paneroidut kalapakas:350,g,807.0,13.0,14.0,13.0,1.1,2.1,,
felix 1250g ketchup,Kuivatuotteet:895,Kastikkeet:957,Tomaattiketsupit:960,g,360.0,0.0,18.0,1.1,2.2,,,
saar 300g savuporo-juustokeitto,Valmisruoka:497,Keitot:1797,Lihakeitot:3071,g,110.0,7.1,6.0,4.9,0.96,0.2,,
elovena 10x30g karpalo-kinusk keksi,Leipä:701,Keksit:767,Välipalakeksit:778,g,1800.0,15.0,61.0,8.0,0.8,8.5,,
halva wanhan ajan lakritsi 450g,"Makeiset, jäätelöt ja naposteltavat:1144",Karkkipussit:1155,Lakritsimakeispussit ja -pakkaukset:1162,g,1347.0,0.7,74.0,3.8,0.01,,,
knorr 570ml mausteinen tomaattikeit,Valmisruoka:497,Keitot:1797,Valmiit kasviskeitot:3085,g,218.0,2.7,5.8,1.2,0.7,1.0,,
suffeli bites pätkis 175g vohkeksi,Leipä:701,Keksit:767,Vohvelit:772,g,2257.0,32.0,56.0,7.1,0.32,,,
kariniemen 450g kp fileesuikale int,Liha:80,"Broileri, kana & kalkkuna:186",Broilerin suikaleet ja kuutiot:196,g,391.0,2.7,0.9,16.0,1.2,,,
kantarelli chips,"Makeiset, jäätelöt ja naposteltavat:1144",Sipsit ja muut naposteltavat:1212,Perunalastut:1213,g,2217.0,33.0,51.0,5.6,1.4,,,
klementiini,Hedelmät ja vihannekset:1,Hedelmät:2,Sitrushedelmät:3,g,190.0,0.2,9.0,0.8,,1.9,Mandariinit:8,
cookie dough ice cream,Pakasteet:1075,Jäätelöt:1136,Kotipakkaukset:1138,g,1008.0,11.4,31.0,3.3,0.2,,,
atria 400g luomu n jauheliha 12%,Liha:80,Jauheliha:167,Jauhelihat:168,g,759.0,12.0,0.0,19.0,0.14,0.0,,
del monte 230g ananaspaloja mehussa,Kuivatuotteet:895,Säilykkeet:941,Hedelmä ja marjasäil:946,g,270.0,0.1,15.5,0.4,,,,
nix 45 g maapähkinä,Terveystuotteet:12129,Urheiluravinteet:12482,Urheiluravinnepatukat ja -geelit:12496,g,1753.0,17.0,38.0,32.0,0.5,,,
pepsi 1,Juomat:994,Virvoitusjuomat:1022,Colavirvoitusjuomat:1023,g,2.0,0.0,0.1,0.1,0.25,0.0,,
pätkis 320g suklaakonvehteja,"Makeiset, jäätelöt ja naposteltavat:1144",Suklaat:1145,Maitosuklaalevyt:1154,g,2297.0,34.0,53.0,8.3,0.23,,,
vesimeloni (palana),Hedelmät ja vihannekset:1,Hedelmät:2,Muut hedelmät:32,g,154.0,0.3,7.1,0.91,0.0,1.1,Melonit:12041,
karjala 4,Juomat:994,Oluet:1041,Vaalea lager olut:2961,g,161.0,0.0,3.0,0.3,,0.0,,
suklaa-appelsiinikrokantti 850 ml,Pakasteet:1075,Jäätelöt:1136,Kotipakkaukset:1138,g,439.0,3.9,15.0,1.7,0.08,,,
kn 200-400g savuklpala vak hin,Maito:351,Viilit:399,Maustamaton viili:402,g,170.0,1.0,4.8,3.0,0.1,,,
marabou 200g maitosuklaa,"Makeiset, jäätelöt ja naposteltavat:1144",Suklaat:1145,Maitosuklaalevyt:1154,g,2290.0,32.0,58.5,4.7,0.33,2.0,,
crème bonjour 240g cuisine tilli&si,Maito:351,Ruoanvalmistustuotteet:371,Ranskankermat kylmästä:1781,g,630.0,14.0,4.5,3.0,1.3,,,
